Section,Roll No,Name,Father Name,Contact,Annual,Tuition,Package,1st Paid,1st Remarks,2nd Paid,2nd Remarks,3rd Paid,3rd Remarks,4th Paid,4th Remarks,Total Paid,Remaining
C-1,201,AMAMA KHAN,RANA TASLEEM,3336699724,8000,0,8000,0,24-5-25 r#196,2800,0,0,0,0,0,2800,5200
C-1,202,NIMRA BASHIR,BASHIR AHMAD ZAHID,34086534498,8000,1800,2600,800,2-6-25 r#196,9450,0,10-9-25 r#40,5450,0,5-11-25 R#73,7450,0,14-1-26 r#98,8450,0,3-3-26 R#133,2260,0,0
C-1,203,MUNTAHA NOOR,MUHAMMAD RIZWAN,31870189428,8000,1800,2600,800,8-4-25 r#191,3450,0,5-9-25 R#70,4500,9,28450,0,14-1-26 r#99,7s,4500,3-3-26 R#133,3260,0,0
C-1,204,ROMAAN AFZAAL,MUHAMMAD AFZAAL,303622765580,0,2500,3300,0,2,0,500,9,326,250,1455,3300,0,0
C-1,205,MARYAM NAZIR,NAZIR AHMAD,30076675648,8000,4020,4820,800,1-7-25 r#199,8125,0,18-8-25 R#37,+40,2+45,9,1250,0,R#598+754,897,4000,1,1200,7-3-26 R#1521,158,6482,0,0
C-1,206,ANAMTA HAYAT,MUHAMMAD HAYAT KHAN,313469092980,0,4000,4800,800,26-7-25 R#123,1000,0,1-9-25 R#43,1000,0,9371,0,0,14-1-26 r#998,1000,0,2-3-26 R#131,1480,0,0
C-1,207,UME RUMAN,SHAHID ALI,8000,4000,4800,800,21-8-25 R#546,1100,0,15-9-25 r#415+47,2500,0,6-11-25 R#748,1700,0,10-12-25 R#901+101,1+1487,7000,3-3-26 R#132,9480,0,0
C-1,208,MARIUM IDREES,IDREES AHMED,8000,2500,3300,800,7-8-25 r#506,2500,0,26-9-25 r#347,3300,0,0,0,0,0,0,0,0
C-1,209,FATIMA ASHRAF,MUHAMMAD ASHRAF,30260047488,8000,2900,3700,800,1-8-25 r#161,7250,5-9-25 R#607,2500,10-11-25 R#764,7250,9-1-26 R#967,7250,4-3-26 R#1345,3700,0,0
C-1,210,AREEBA SHAHID,SHAHID ALI,316757110980,0,4000,4800,800,31-7-25 R#156,1000,0,15-9-25 r#416,1000,0,28-11-25 R#662,1000,0,14,4,2100,0,7-4-26 R#1502,4800,0,0
C-1,211,MARIYAM ZAFAR,ZAFAR ALI,344696237780,0,4020,4820,800,10-4-25 R#1915,19,4510,0,9-9-25 R#87,1005,0,9381,005,0,14-1-26 r#989,1005,0,9-3-26 R#139,1482,0,0
C-1,212,BUSHRA ILYAS,MUHAMMAD ILYAS,342781746580,0,3600,4400,800,23-7-25 r#117,8000,15-9-25 r#41,7933,0,9441,0,0,0,16-1-26 r#103,7867,0,44000,0,0
C-1,213,NOOR FATIMA,AZIZULLAH,324084961580,0,3200,4000,800,31-7-25 R#153,1600,5-9-25 R#62+457,5000,10-11-25 R#766,1100,5-12-25 r#851+108,6400,0,0,0
C-1,214,AROOJ FATIMA,KASHIF LATIF,306790987580,0,3200,4000,800,15-5-25 r#195,4800,5-9-25 R#75,8000,22-11-25 R#794,8000,14-1-26 r#990,8000,8-4-26 r#1514,152,8400,0,0
C-1,215,AMINA BABAR,BABAR IFTIKHAR,306484904380,0,3200,4000,800,23-7-25 r#118,8000,10-11-25,7721,2000,9-3-26 R#1397,2800,0,-1200,0
C-1,216,MEMONA NAWAZ,MUHAMMAD NAWAZ,30079122698,8000,4020,4820,800,8-4-25 r#190,7600,9-9-25 r#96,9500,18-10-25 R#475,9291,500,0,10-12-25 R#903+1017+149,4470,0,15,3843200,-5000
C-1,217,AREEBA SHOUKAT,SHOUKAT ALI,317703046580,0,3200,4000,800,26-6-25 R#199,6800,9-10-25 r#46,5800,8-12-25 R#875,8000,16-1-26 r#1031,8000,2-3-26 R#131,4400,0,0
C-1,218,SANA YOUSAF,YOUSAF,344763545780,0,2200,3000,800,11-6-25 r#1977,8000,10-9-25 r#40,6800,0,9476,0,0,0,0,0,0
C-1,219,SEHAR GHAFFAR,ABDUL GHAFFAR,8000,4000,4800,800,18-8-25 R#540,1000,10-9-25 R#85+452,5000,5-11-25 R#727,1500,10-12-25 R#902+1047+1435,1000,7-3-26r#1522+150,1480,0,0
C-1,220,ZARA AKBAR,MUHAMMAD AKBAR,33496666058,8000,2200,3000,800,1-8-25 R#163,1000,5-9-25 R#65,5000,7-11-25 R#753,5000,15-1-26 r#1008,2000,15,3230,0,0
C-1,221,AYESHA PARVEEN,MUHAMMAD ASIF,300467714180,0,4200,5000,500,21-6-25 R#199,07000,9-9-25 R#97,1250,3-12-25 r#804,1000,0,3450,0,-1550,0
C-1,222,UMME KHADIJA,MUMTAZ ALI,312834708080,0,2200,3000,800,21-8-25 R#548,8000,28-10-25 R#485,6000,28-11-25 R#663,2200,0,-800,0,0
C-1,223,SHUMAILA,ABDUL MAJEED,307467112280,0,3200,4000,800,11-8-25 r#526,8000,-3200,0,0,0,0,0,0
C-1,224,SAWAIRA NASEER,NASEER AHMAD,304725763580,0,3600,4400,800,15-4-25 r#192,5180,0,28-8-25 R#401,8000,0,1486,4400,0,0
C-1,225,EMAN FATIMA,SABIR HUSSAIN,347341840480,0,3200,4000,800,21-4-25 r#193,4800,16-9-25 r#43,2800,0,9128,0,0,1,1968,0,0,15,3740,0,0
C-1,226,HIRA NOOR,ZULFIQAR ALI,336864973280,0,2200,3000,800,31-7-25 R#150,8000,16-9-25 r#43,7160,0,0,-1400,0,0
C-1,227,AFIA ABDUL SAMAD,ABDUL SAMAD,306703033680,0,3200,4000,800,28-4-25 r#194,1+49,2800,12-9-25 r#41,1800,19-11-25 R#789,8000,14-1-26 R#983,8000,9-3-26 R#1392,+1566,4000,0
C-1,228,MAROOSH FATIMA,JAFIR IQBAL,32910150168,8000,3200,4000,800,9-7-25 R#104,8000,9-9-25 R#90,8000,4-11-25 R#707,8000,16-1-26 r#1036,8000,5-3-26 R#1349,4000,0,0
C-1,229,AMINA BIBI,MUHAMMAD BINYAMEEN,328169539080,0,3600,4400,800,28-7-25 R#127,8000,3-9-25 R#56,1000,0,10-11-25 R#606,9000,14-1-26 r#986,9000,15-4-26 R#159,4400,0,0
C-1,230,MUNIHA MUZAMMIL,MUZAMMIL,34417770098,8000,1700,2500,800,2-6-25 R#197,06750,5-9-25 R#66,1000,0,21-4-26 R#160,1247,5,-250,0
C-1,231,RASHMAL IMRAN,IMRAN SHARIF,30891561148,8000,1800,2600,800,5-5-25 R#194,8450,10-9-25 r#40,1450,10-11-25 R#599,9000,2600,0,0
C-1,232,DUA FATIMA,RAO MUJAHID,326712651980,0,2200,3000,800,15-9-25 r#55,9700,15-9-25 r#41,2900,0,14-1-26 r#1010+11,7450,0,10,1029000,-1000
C-1,233,MARYAM SULTAN,SULTAN MEHMOOD,30606681928,8000,3000,3800,800,2-8-25 r#50,2100,0,0,946,8000,14-1-26 r#991,1200,9-3-26 R#138,9380,0,0
C-1,234,—,Dania Mirza,—,8000,2500,3300,800,8000,-2500,0,0,0,0,0,0
M-1,101,FEHA MURTAZA,GHULAM MURTAZA,304914484780,0,1008,1008,0,0,31-7-25 r#152,1,0,0,31-7-25 R#22,8100,0,0
M-1,102,AYESHA MURSALEEN,M MURSALEEN,30007971368,8000,8000,800,0,8-9-25 R#55,7800,0,0,0
M-1,103,KASHMAIL IRFAN,MUHAMMAD IRFAN,30560581248,8000,8000,800,0,8-4-25 r#190,6800,0,0,0
M-1,104,WAJIHA FATIMA,TOUQEER AHMAD,30703345008,8000,1800,2600,800,3-4-25 R#190,2450,5-9-25 Rr#67,4500,30-10-25 R#49,08000,15-1-26 R#1014,1000,2-3-26 R#1310,2600,0,0
M-1,105,SABA FIRDOUS,MUHAMMAD SARDAR,302609634580,0,8000,800,0,30-7-25 R#147+52,3800,0,0,0
M-1,106,FARWA JAVED,JAVED IQBAL,300484791880,0,3200,4000,800,30-4-25 r#194,4800,30-8-25 R#42,8000,5-11-25 R#735,1000,15-1-26 r#1013,6000,3-3-26 R#1327,4000,0,0
M-1,107,AFRAH ALVI,MUHAMMAD YASIR ALVI,32918523908,8000,2500,3300,800,9-8-25 R#514,6250,2-9-25 R#53,6250,4-11-25 R#715,6250,15-1-26 r#1015,6250,2-3-26 R#1313,3000,0,0
M-1,108,ANFAAL ASHIQ,ASHIQ ALI,34518882188,8000,1800,2600,800,8-8-25 r#50,9450,9-9-25 R#86,4500,4-11-25 r#709,4500,14-1-26 r#+98,7450,4-3-26 R#1346,2600,0,0
M-1,109,RAMIZA ASIF,ASIF ALI,305746229080,0,3200,4000,800,21-8-25 R#54,7800,9-10-25 r#46,4800,0,14168,0,0,12-12-25 r#88,8800,7-3-26 R#139,4400,0,0
M-1,110,EZZA RUBAB,TASAWAR ABBAS,34767254538,8000,2200,3000,800,6-8-25 R#195,1200,6-8-25 R#30,2000,0,-1000,0,0
M-1,111,HAMNA ANDLEEB,MUHAMMAD MAJIDULLAH,8000,2200,3000,800,21-7-25 R#112,1700,0,21-7-25 R#1,1500,0,27-1-26 R#1091,3000,0,0
M-1,112,SHAKEELA SHAHEEN,MUHAMMAD MANSHA,37052916018,8000,2200,3000,800,3-6-25 r#197,5700,3-6-25 R#02,1000,0,926,5000,14-1-26 r#984,6000,3000,0,0
M-1,113,HOORAIN FATIMA,MUHAMMAD NASEEM,32215604608,8000,3600,4400,800,9-7-25 R#102,9000,2-9-25 r#51,9000,5-11-25 R#736,9000,16-1-26 r#1027,9000,7-3-26 R#1367,4400,0,0
M-1,114,DUA IMRAN,IMRAN SARWAR,30072867408,8000,2700,3500,800,1-8-25 r#159,6750,18-9-25 r#44,4625,3-11-25 R#703,1400,0,15,24+1565,3500,0,0
M-1,115,ZAINAB MASOOD,MASOOOD,300941150280,0,3200,4000,800,11-8-25 R#524,3200,11-8-25 R#36,4000,0,0,0,0
M-1,116,ALIA ASLAM,MUHAMMAD ASLAM,347649754380,0,1700,2500,800,12-6-25 R#198,5800,5-9-25 R#64,5000,17-11-25 r#780,4000,3-3-26 R#1330,2500,0,0
M-1,117,ALISHA SALEEM,MUHAMMAD SALEEM,306769958980,0,4000,4800,800,10-4-25 r#191,4100,5-9-25 R#28,8800,10-11-25 R#909,1000,15-1-26 r#1007,1200,7-3-26 R#1370,4800,0,0
M-1,118,HABIBA SAKHAWAT,SAKHAWAT ALI,304136844280,0,3600,4400,800,16-4-25 r#192,6100,0,10-9-25 r#40,4150,0,911,7000,22-1-26 R#108,2400,0,-400,0
M-1,119,MAHEEN MUNEER,MUNEEER,324152814280,0,3200,4000,800,12-8-25 R#535,8000,9-9-25 R#88,8000,6-11-25 R#751,8000,17-1-26 r#1040,8000,14-2-26 R#120,3400,0,0
M-1,120,SIDRA SHOUKAT,SHOUKAT ALI,318707422880,0,2200,3000,800,17-7-25 R#110,8000,5-9-25 R#69,8000,948,6000,15-1-26 r#1009,3000,0,0
M-1,121,MUNEEBA AHMAD,AHMAD HAYAT,30039155478,8000,2200,3000,800,1-8-25 R#164,1000,0,25-9-25 r#450,7000,9195,0,0,15,2930,0,0
M-1,122,FATIMA SHAHID,MUHAMMAD SHAHID PARVAIZ,301712541580,0,3200,4000,800,11-6-25 r#197,8+48,9800,3-9-25 R#54,9500,8-11-25 r#758,8500,9-1-26 R#966,6600,3-3-26 R#1319,4000,0,0
M-1,123,AQSA JAMIL,MUHAMMAD JAMIL,332066682080,0,4020,4820,800,27-3-25 r#190,1300,0,0,1-9-25 R#44+47+84,1020,0,1,2574,8200,0
M-1,124,EZA FAKHRAY,GHULAM HUSSAIN,345790945380,0,1200,2000,800,30-7-25 R#137,1200,0,30-7-25 R#19,8000,0,1445,2800,0,800,0
M-1,125,UMM E HABIBA,MUHAMMAD JAVED ANWAR,344497738580,0,1700,2500,800,14-6-25 r#198,4675,9-9-25 R#89,6750,5-11-25 R#734,4000,14-1-26 r#985,2550,0,50,0
M-1,126,HINA TARIQ,TARIQ MEHMOOD,34014560008,8000,4000,4800,800,8-4-25 r#190,9500,3-9-25 R#59,1200,0,931,7000,14-1-26 R#982,1600,2-3-26 R#1309,4800,0,0
M-1,127,AROOJ FATIMA,GHULAM GHOUS,30770114418,8000,2200,3000,800,7-7-25 R#101,3200,7-7-25 R#10,5600,0,2600,0,0
M-1,128,ZOHA RASHEED,RASHEED,300724514280,0,3200,4000,800,12-8-25 R#533,8000,20-1-26 r#1062,8000,14-4-26 R#157,7240,0,-1600,0
M-1,129,KHADIJA IRFAN,MUHAMMAD IRFAN,34470177908,8000,3200,4000,800,3-6-25 R#197,4800,22-9-25 r#445,8000,10-11-25 R#769,7000,20-1-26 r#1064,7000,7-3-26 R#1365,3800,0,-200,0
M-1,130,ZAINAB BIBI,FAYYAZ AHMAD,8000,2700,3500,800,19-7-25 R#111+569,8000,3-9-25 R#57,7000,31-10-25 r#495,1000,0,10-12-25 R#904,2000,3500,0,0
M-1,131,LAIBA AKBAR,AKBAR ALI,303951020780,0,3700,4500,800,11-4-25 r#191,8925,9-9-25 R#78,9250,3-11-25 R#500,9200,9-1-26 R#969,9300,5-3-26 R#1360,4500,0,0
M-1,132,AROOBA RAFIQUE,MUHAMMAD RAFIQUE,34136175418,8000,2200,3000,800,1-8-25 R#165,1000,0,16-1-26 r#1035,1200,9-3-26 R#1393,3000,0,0
M-1,133,ALEENA NADEEM,MUHAMMAD NADEEM,345719047180,0,3700,4500,800,12-4-25 r#192,2800,12-12-25 R#889,2000,0,16083,6000,-900,0
M-1,134,NOOR UL EMAN,MUHAMMAD IRFAN,34470177908,8000,3200,4000,800,3-6-25 R#197,3900,22-9-25 r#446,8000,10-11-25 R#770,7000,20-1-26 r#1065,8000,7-3-26 R#1366,4000,0,0
M-1,135,BARIRA ASLAM,MUHAMMAD ASLAM,315566946980,0,3200,4004,0,30-7-25 R#144,9000,15-9-25 R#41,4800,0,13-12-25 R#880,2100,0,-1900,0
M-1,136,HUSNA,FAKHAR ABBAS,8000,2200,3000,800,30-7-25 R#146,2100,0,10009-3-26 R#1387,3000,0,0
M-1,137,HAFSA KHIZAR,KHIZER HAYAT,341460671380,0,3200,4000,800,19-6-25 R#198,7120,0,19-6-25 R#06,6670,17-11-25 r#784,1333,0,15,2640,0,0,0
M-1,138,MINAHIL FATIMA,IKHLAQ AHMAD,31175381438,8000,2200,3000,800,2-7-25 r#199,9220,0,2-7-25 R#09+44,1300,0,0,0
M-1,139,EMAAN FATIMA,RAIZ AHMAD,34541800538,8000,2200,3000,800,9-8-25 R#518,8000,17-9-25 r#442,8000,18-11-25 R#786,2400,0,-600,0
M-1,140,IMAN RAMZAN,RAMZAN,309637662480,0,3200,4000,800,12-8-25 R#534,8000,20-11-25 r#791,8000,16-1-26 r#1033,1200,0,15,4536,0,0,-400,0
M-1,141,ISHWA YOUSAF,MUHAMMAD YOUSAF,0316-710032580,0,1700,2500,800,12-6-25 r#198,3100,0,16-10-25 R#47,3700,0,13-11-25 R#881,9000,9-1-26 R#970,3400,0,900,0
M-1,142,ROMAIZA,MUHAMMAD AMJAD,345781745280,0,2200,3000,800,25-7-25 R#119,8000,5-11-25 R#726,1000,0,19-1-26 r#1050,2600,0,-400,0
M-1,143,AMINA SAJJID,MUHAMMAD BOTTA,8000,2200,3000,800,22-7-25 R#115,5000,0,9271,0,0,0,17-1-26 r#1039,2300,0,-700,0
M-1,144,MEHWISH ALI SHE,ALI SHER,346872140280,0,2200,3000,800,26-7-25 R#121,2200,0,28-7-25 R#123,0000,0,0,0,0
